{"assets/animations/network.json":["assets/animations/network.json"],"assets/fonts/Vazir-Bold.ttf":["assets/fonts/Vazir-Bold.ttf"],"assets/fonts/Vazir-Regular.ttf":["assets/fonts/Vazir-Regular.ttf"],"assets/fonts/Vazir-Thin.ttf":["assets/fonts/Vazir-Thin.ttf"],"assets/fonts/b_ziba.ttf":["assets/fonts/b_ziba.ttf"],"assets/fonts/damsuncrm.ttf":["assets/fonts/damsuncrm.ttf"],"assets/fonts/kiana.ttf":["assets/fonts/kiana.ttf"],"assets/images/bar.png":["assets/images/bar.png"],"packages/cupertino_icons/assets/CupertinoIcons.ttf":["packages/cupertino_icons/assets/CupertinoIcons.ttf"]}