[{"family":"MaterialIcons","fonts":[{"asset":"fonts/MaterialIcons-Regular.otf"}]},{"family":"Ziba","fonts":[{"weight":500,"asset":"assets/fonts/b_ziba.ttf"}]},{"family":"Vazir","fonts":[{"asset":"assets/fonts/Vazir-Regular.ttf"},{"weight":300,"asset":"assets/fonts/Vazir-Thin.ttf"},{"weight":700,"asset":"assets/fonts/Vazir-Bold.ttf"}]},{"family":"Damsun","fonts":[{"asset":"assets/fonts/damsuncrm.ttf"}]},{"family":"packages/cupertino_icons/CupertinoIcons","fonts":[{"asset":"packages/cupertino_icons/assets/CupertinoIcons.ttf"}]}]