[{"family":"MaterialIcons","fonts":[{"asset":"fonts/MaterialIcons-Regular.otf"}]},{"family":"Ziba","fonts":[{"weight":500,"asset":"assets/fonts/b_ziba.ttf"}]},{"family":"Vazir","fonts":[{"weight":100,"asset":"assets/fonts/Vazir-Thin.ttf"},{"weight":300,"asset":"assets/fonts/Vazir-Light.ttf"},{"weight":400,"asset":"assets/fonts/Vazir-Regular.ttf"},{"weight":500,"asset":"assets/fonts/Vazir-Medium.ttf"},{"weight":700,"asset":"assets/fonts/Vazir-Bold.ttf"},{"weight":900,"asset":"assets/fonts/Vazir-Black.ttf"}]},{"family":"Damsun","fonts":[{"asset":"assets/fonts/damsuncrm.ttf"}]},{"family":"packages/cupertino_icons/CupertinoIcons","fonts":[{"asset":"packages/cupertino_icons/assets/CupertinoIcons.ttf"}]}]