{"assets/animations/network.json":["assets/animations/network.json"],"assets/fonts/Vazir-Black.ttf":["assets/fonts/Vazir-Black.ttf"],"assets/fonts/Vazir-Bold.ttf":["assets/fonts/Vazir-Bold.ttf"],"assets/fonts/Vazir-Light.ttf":["assets/fonts/Vazir-Light.ttf"],"assets/fonts/Vazir-Medium.ttf":["assets/fonts/Vazir-Medium.ttf"],"assets/fonts/Vazir-Regular.ttf":["assets/fonts/Vazir-Regular.ttf"],"assets/fonts/Vazir-Thin.ttf":["assets/fonts/Vazir-Thin.ttf"],"assets/fonts/b_ziba.ttf":["assets/fonts/b_ziba.ttf"],"assets/fonts/damsuncrm.ttf":["assets/fonts/damsuncrm.ttf"],"assets/icons_g/bold/money/sale.svg":["assets/icons_g/bold/money/sale.svg"],"assets/icons_g/bold/notes/clipboard_check.svg":["assets/icons_g/bold/notes/clipboard_check.svg"],"assets/icons_g/bold/notes/document_add.svg":["assets/icons_g/bold/notes/document_add.svg"],"assets/icons_g/home.svg":["assets/icons_g/home.svg"],"assets/icons_g/vuesax/bold/airplane_square.svg":["assets/icons_g/vuesax/bold/airplane_square.svg"],"assets/icons_g/vuesax/bold/profile_add.svg":["assets/icons_g/vuesax/bold/profile_add.svg"],"assets/icons_g/vuesax/bold/scan.svg":["assets/icons_g/vuesax/bold/scan.svg"],"assets/icons_g/vuesax/bold/user.svg":["assets/icons_g/vuesax/bold/user.svg"],"assets/icons_png/extra_work.png":["assets/icons_png/extra_work.png"],"assets/icons_png/login_out.png":["assets/icons_png/login_out.png"],"assets/icons_png/off.png":["assets/icons_png/off.png"],"assets/icons_png/work.png":["assets/icons_png/work.png"],"assets/images/bar.png":["assets/images/bar.png"],"packages/cupertino_icons/assets/CupertinoIcons.ttf":["packages/cupertino_icons/assets/CupertinoIcons.ttf"]}